<Panel cursor="false" enterSound="113">
	<Elements>
		<Title name="image" id="128">
			<Anchor anchorFrom="CENTER" anchorTo="CENTER" y="-80"/>
		</Title>

		<!-- Multiplayer rankings -->
		<Label name="rank1" template="LargeBlue">
			<Anchor anchorFrom="TOPLEFT" anchorTo="CENTER" x="-160" y="121"/>
		</Label>
		<Label name="rank2" template="LargeBlue">
			<Anchor anchorFrom="TOPLEFT" anchorTo="BOTTOMLEFT" anchor="rank1"/>
		</Label>
		<Label name="rank3" template="LargeBlue">
			<Anchor anchorFrom="TOPLEFT" anchorTo="BOTTOMLEFT" anchor="rank2"/>
		</Label>

		<Label name="name_label" template="LargeBlue" text="Enter your name: ">
			<Anchor anchorFrom="TOPRIGHT" anchorTo="CENTER" y="41"/>
		</Label>
		<Label name="name" template="LargeWhite">
			<Anchor anchorFrom="LEFT" anchorTo="RIGHT" anchor="name_label"/>
		</Label>
	</Elements>
</Panel>
