<Panel template="FramedPanel" enterSound="111" leaveSound="123">
	<Elements>
		<Title name="image" id="130"/>

		<Label template="SmallYellow" text="Loading...">
			<Anchor anchorFrom="CENTER" anchorTo="BOTTOM" anchor="image" y="20"/>
		</Label>

		<!-- Loading Bar -->
		<Rectangle>
			<Color r="0x00" g="0x00" b="0x00"/>
			<Size w="200" h="10"/>
			<Anchor anchorFrom="CENTER" anchorTo="CENTER" y="185"/>
		</Rectangle>
		<Rectangle>
			<Color r="0xFF" g="0xFF" b="0xFF"/>
			<Size w="198" h="8"/>
			<Anchor anchorFrom="CENTER" anchorTo="CENTER" y="185"/>
		</Rectangle>
		<Rectangle fill="true">
			<Color r="0x8F" g="0x8F" b="0xFF"/>
			<Size w="196" h="6"/>
			<Anchor anchorFrom="CENTER" anchorTo="CENTER" y="185"/>
		</Rectangle>
		<Rectangle name="progress" fill="true">
			<Color r="0x6F" g="0x6F" b="0xFF"/>
			<Size w="0" h="6"/>
			<Anchor anchorFrom="LEFT" anchorTo="CENTER" x="-98" y="185"/>
		</Rectangle>
	</Elements>
</Panel>
