<Panel template="FramedPanel" delegate="MainPanel">
	<Elements>
		<Title name="image" id="129">
			<Anchor anchorFrom="TOPLEFT" anchorTo="CENTER" x="-251" y="-187"/>
		</Title>

		<!-- Catch-all button to bonk when a key is pressed -->
		<Button template="HotkeyOnly" hotkey="any" clickSound="108"/>

		<!-- dividers -->
		<Line name="vertical_divider">
			<Color r="0x9C" g="0x9C" b="0xFF"/>
			<Size w="1" h="384"/>
			<Anchor anchorFrom="CENTER" anchorTo="CENTER" x="42"/>
		</Line>
		<Line name="hdivider_left">
			<Color r="0x9C" g="0x9C" b="0xFF"/>
			<Size w="298" h="1"/>
			<Anchor anchorFrom="RIGHT" anchorTo="TOPLEFT" anchor="vertical_divider" y="153"/>
		</Line>
		<Line name="hdivider_right">
			<Color r="0x9C" g="0x9C" b="0xFF"/>
			<Size w="214" h="1"/>
			<Anchor anchorFrom="LEFT" anchorTo="TOPRIGHT" anchor="vertical_divider" y="263"/>
		</Line>

		<!-- high scores -->
		<Label name="name_header" template="LargeYellowUnderline" text="Name">
			<Anchor anchorFrom="BOTTOMLEFT" anchorTo="BOTTOMLEFT" anchor="hdivider_left" x="5" y="23"/>
		</Label>
		<Label name="score_header" template="LargeYellowUnderline" text="Score">
			<Anchor anchorFrom="BOTTOMLEFT" anchorTo="BOTTOMLEFT" anchor="hdivider_left" x="185" y="23"/>
		</Label>
		<Label name="wave_header" template="LargeYellowUnderline" text="Wave">
			<Anchor anchorFrom="BOTTOMLEFT" anchorTo="BOTTOMLEFT" anchor="hdivider_left" x="245" y="23"/>
		</Label>

		<Label name="name_0" template="Medium">
			<Anchor anchorFrom="TOPLEFT" anchorTo="TOPLEFT" anchor="name_header" y="24"/>
		</Label>
		<Label name="score_0" template="Medium">
			<Anchor anchorFrom="TOPRIGHT" anchorTo="TOPRIGHT" anchor="score_header" y="24"/>
		</Label>
		<Label name="wave_0" template="Medium">
			<Anchor anchorFrom="TOPRIGHT" anchorTo="TOPRIGHT" anchor="wave_header" x="-10" y="24"/>
		</Label>
		<Label name="name_1" template="Medium">
			<Anchor anchorFrom="TOPLEFT" anchorTo="TOPLEFT" anchor="name_0" y="18"/>
		</Label>
		<Label name="score_1" template="Medium">
			<Anchor anchorFrom="TOPRIGHT" anchorTo="TOPRIGHT" anchor="score_0" y="18"/>
		</Label>
		<Label name="wave_1" template="Medium">
			<Anchor anchorFrom="TOPRIGHT" anchorTo="TOPRIGHT" anchor="wave_0" y="18"/>
		</Label>
		<Label name="name_2" template="Medium">
			<Anchor anchorFrom="TOPLEFT" anchorTo="TOPLEFT" anchor="name_1" y="18"/>
		</Label>
		<Label name="score_2" template="Medium">
			<Anchor anchorFrom="TOPRIGHT" anchorTo="TOPRIGHT" anchor="score_1" y="18"/>
		</Label>
		<Label name="wave_2" template="Medium">
			<Anchor anchorFrom="TOPRIGHT" anchorTo="TOPRIGHT" anchor="wave_1" y="18"/>
		</Label>
		<Label name="name_3" template="Medium">
			<Anchor anchorFrom="TOPLEFT" anchorTo="TOPLEFT" anchor="name_2" y="18"/>
		</Label>
		<Label name="score_3" template="Medium">
			<Anchor anchorFrom="TOPRIGHT" anchorTo="TOPRIGHT" anchor="score_2" y="18"/>
		</Label>
		<Label name="wave_3" template="Medium">
			<Anchor anchorFrom="TOPRIGHT" anchorTo="TOPRIGHT" anchor="wave_2" y="18"/>
		</Label>
		<Label name="name_4" template="Medium">
			<Anchor anchorFrom="TOPLEFT" anchorTo="TOPLEFT" anchor="name_3" y="18"/>
		</Label>
		<Label name="score_4" template="Medium">
			<Anchor anchorFrom="TOPRIGHT" anchorTo="TOPRIGHT" anchor="score_3" y="18"/>
		</Label>
		<Label name="wave_4" template="Medium">
			<Anchor anchorFrom="TOPRIGHT" anchorTo="TOPRIGHT" anchor="wave_3" y="18"/>
		</Label>
		<Label name="name_5" template="Medium">
			<Anchor anchorFrom="TOPLEFT" anchorTo="TOPLEFT" anchor="name_4" y="18"/>
		</Label>
		<Label name="score_5" template="Medium">
			<Anchor anchorFrom="TOPRIGHT" anchorTo="TOPRIGHT" anchor="score_4" y="18"/>
		</Label>
		<Label name="wave_5" template="Medium">
			<Anchor anchorFrom="TOPRIGHT" anchorTo="TOPRIGHT" anchor="wave_4" y="18"/>
		</Label>
		<Label name="name_6" template="Medium">
			<Anchor anchorFrom="TOPLEFT" anchorTo="TOPLEFT" anchor="name_5" y="18"/>
		</Label>
		<Label name="score_6" template="Medium">
			<Anchor anchorFrom="TOPRIGHT" anchorTo="TOPRIGHT" anchor="score_5" y="18"/>
		</Label>
		<Label name="wave_6" template="Medium">
			<Anchor anchorFrom="TOPRIGHT" anchorTo="TOPRIGHT" anchor="wave_5" y="18"/>
		</Label>
		<Label name="name_7" template="Medium">
			<Anchor anchorFrom="TOPLEFT" anchorTo="TOPLEFT" anchor="name_6" y="18"/>
		</Label>
		<Label name="score_7" template="Medium">
			<Anchor anchorFrom="TOPRIGHT" anchorTo="TOPRIGHT" anchor="score_6" y="18"/>
		</Label>
		<Label name="wave_7" template="Medium">
			<Anchor anchorFrom="TOPRIGHT" anchorTo="TOPRIGHT" anchor="wave_6" y="18"/>
		</Label>
		<Label name="name_8" template="Medium">
			<Anchor anchorFrom="TOPLEFT" anchorTo="TOPLEFT" anchor="name_7" y="18"/>
		</Label>
		<Label name="score_8" template="Medium">
			<Anchor anchorFrom="TOPRIGHT" anchorTo="TOPRIGHT" anchor="score_7" y="18"/>
		</Label>
		<Label name="wave_8" template="Medium">
			<Anchor anchorFrom="TOPRIGHT" anchorTo="TOPRIGHT" anchor="wave_7" y="18"/>
		</Label>
		<Label name="name_9" template="Medium">
			<Anchor anchorFrom="TOPLEFT" anchorTo="TOPLEFT" anchor="name_8" y="18"/>
		</Label>
		<Label name="score_9" template="Medium">
			<Anchor anchorFrom="TOPRIGHT" anchorTo="TOPRIGHT" anchor="score_8" y="18"/>
		</Label>
		<Label name="wave_9" template="Medium">
			<Anchor anchorFrom="TOPRIGHT" anchorTo="TOPRIGHT" anchor="wave_8" y="18"/>
		</Label>

		<Label name="last_score_label" template="LargeWhite" text="Last Score: ">
			<Anchor anchorFrom="BOTTOMLEFT" anchorTo="BOTTOMLEFT" anchor="hdivider_left" x="5" y="230"/>
		</Label>
		<Label name="last_score" template="LargeWhite">
			<Anchor anchorFrom="LEFT" anchorTo="RIGHT" anchor="last_score_label"/>
		</Label>

		<!-- Instructions -->
		<KeyButton name="PlayButton" template="MenuButton" hotkey="P" clickSound="114">
			<Anchor anchorFrom="TOPLEFT" anchorTo="TOPRIGHT" anchor="vertical_divider" x="9" y="10"/>
		</KeyButton>
		<Label template="SmallYellow" text=" Start playing Maelstrom">
			<Anchor anchorFrom="BOTTOMLEFT" anchorTo="TOPRIGHT" anchor="PlayButton" x="3" y="21"/>
		</Label>
		<KeyButton name="ControlsButton" template="MenuButton" hotkey="C" clickSound="119">
			<Anchor anchorFrom="TOPLEFT" anchorTo="TOPLEFT" anchor="PlayButton" y="34"/>
		</KeyButton>
		<Label template="SmallYellow" text=" Configure the game controls">
			<Anchor anchorFrom="BOTTOMLEFT" anchorTo="TOPRIGHT" anchor="ControlsButton" x="3" y="21"/>
		</Label>
		<KeyButton name="ZapButton" template="MenuButton" hotkey="Z" clickSound="107">
			<Anchor anchorFrom="TOPLEFT" anchorTo="TOPLEFT" anchor="ControlsButton" y="34"/>
		</KeyButton>
		<Label template="SmallYellow" text=" Zap the high scores">
			<Anchor anchorFrom="BOTTOMLEFT" anchorTo="TOPRIGHT" anchor="ZapButton" x="3" y="21"/>
		</Label>
		<KeyButton name="AboutButton" template="MenuButton" hotkey="A" clickSound="122">
			<Anchor anchorFrom="TOPLEFT" anchorTo="TOPLEFT" anchor="ZapButton" y="34"/>
		</KeyButton>
		<Label template="SmallYellow" text=" About Maelstrom...">
			<Anchor anchorFrom="BOTTOMLEFT" anchorTo="TOPRIGHT" anchor="AboutButton" x="3" y="21"/>
		</Label>
		<KeyButton name="QuitButton" template="MenuButton" hotkey="Q" clickSound="106">
			<Anchor anchorFrom="TOPLEFT" anchorTo="TOPLEFT" anchor="AboutButton" y="68"/>
		</KeyButton>
		<Label template="SmallYellow" text=" Quit Maelstrom">
			<Anchor anchorFrom="BOTTOMLEFT" anchorTo="TOPRIGHT" anchor="QuitButton" x="3" y="21"/>
		</Label>
		<KeyButton name="VolumeDownButton" template="MenuButton" hotkey="0">
			<Anchor anchorFrom="TOPLEFT" anchorTo="TOPLEFT" anchor="QuitButton" y="34"/>
		</KeyButton>
		<Label template="SmallYellow" text="-">
			<Anchor anchorFrom="BOTTOMLEFT" anchorTo="TOPRIGHT" anchor="VolumeDownButton" x="3" y="21"/>
		</Label>
		<KeyButton name="VolumeUpButton" template="MenuButton" hotkey="8">
			<Anchor anchorFrom="TOPLEFT" anchorTo="TOPLEFT" anchor="VolumeDownButton" x="40"/>
		</KeyButton>
		<Label template="SmallYellow" text=" Set Sound Volume">
			<Anchor anchorFrom="BOTTOMLEFT" anchorTo="TOPRIGHT" anchor="VolumeUpButton" x="3" y="21"/>
		</Label>

		<!-- Hidden action buttons -->
		<Button name="ToggleFullscreen" template="HotkeyOnly" hotkey="ALT-Return"/>
		<Button name="Cheat" template="HotkeyOnly" hotkey="L" clickSound="124"/>
		<Button name="Special" template="HotkeyOnly" hotkey="X" clickSound="128"/>
		<Button name="Screenshot" template="HotkeyOnly" hotkey="F3"/>
		<Button name="SetVolume0" template="HotkeyOnly" hotkey="0"/>
		<Button name="SetVolume1" template="HotkeyOnly" hotkey="1"/>
		<Button name="SetVolume2" template="HotkeyOnly" hotkey="2"/>
		<Button name="SetVolume3" template="HotkeyOnly" hotkey="3"/>
		<Button name="SetVolume4" template="HotkeyOnly" hotkey="4"/>
		<Button name="SetVolume5" template="HotkeyOnly" hotkey="5"/>
		<Button name="SetVolume6" template="HotkeyOnly" hotkey="6"/>
		<Button name="SetVolume7" template="HotkeyOnly" hotkey="7"/>
		<Button name="SetVolume8" template="HotkeyOnly" hotkey="8"/>

		<!-- Credits -->
		<Label template="SmallYellow" text="Port to SDL by Sam Lantinga">
			<Anchor anchorFrom="CENTER" anchorTo="CENTER" anchor="image" y="52"/>
		</Label>
		<Label template="SmallWhite" text="�1992-4 Ambrosia Software, Inc.">
			<Anchor anchorFrom="BOTTOMLEFT" anchorTo="TOPLEFT" anchor="hdivider_right" x="9" y="-2"/>
		</Label>
		<Label name="version" fontName="Geneva" fontSize="9">
			<Color r="0xFF" g="0xFF" b="0xFF"/>
			<Anchor anchorFrom="BOTTOMLEFT" anchorTo="TOPLEFT" anchor="image" x="15" y="148"/>
		</Label>

		<!-- Sound level -->
		<Label name="volume" template="SmallBlue">
			<Anchor anchorFrom="BOTTOMLEFT" anchorTo="TOPLEFT" anchor="VolumeDownButton" x="-6" y="22"/>
		</Label>
	</Elements>
</Panel>
